id,text,label,topic,probability
0,看完2日总统大选民调 吴子嘉指：国民党缺“这两种票” 2024年总统大选三脚督确定，根据《美丽岛电子报》2日公布的最新民调，民进党“赖萧配”支持度为37.8%、国民党“侯康配”为29.5%、民众党“柯盈配”则为17.7%。对此，《美丽岛电子报》董事长吴子嘉表示，国民党现在缺的就是年轻票和中间选民票。,政治,4,0.98005086
1,开战？贺中华队在大巨蛋夺首胜 侯友宜酸爆柯文哲 台北大巨蛋3日举行首场赛事，中华队大胜韩国，嗨翻全台球迷。国民党总统参选人侯友宜深夜发文，猛酸前台北市长、民众党总统参选人柯文哲拖了8年，还把大巨蛋冠为五大弊案之首，反观蒋万安用1年就解决，证明治理城市为政者魄力、执行力有多关键，“只会提出问题，甚至制造问题”，永远无济于事，解决民众的需求，才是我们心中最重要的事。,政治,4,0.9862114
2,不是刮水器！专家推“1神器”不怕厕所发霉：地板和毛巾秒乾 进入冬天后，容易有多日大雨、天气潮湿的情况，家裡最潮湿的地方往往就是浴室，如果平常没有做好清洁，很容易就导致发霉，让人相当头痛。有网友好奇“真的有人每天洗完澡刮水吗？”，结果钓出一片过来人表示，真的有刮差很多，赏屋专家Ted也建议加装一台“多功能智慧除湿机”，使用沸石除湿，除了乾的速度很快，还能感受到是“舒服的乾”。,生活,6,0.986006
3,影／回应国籍争议 萧美琴：从未放弃中华民国国籍 没有回复的问题 对于国籍争议，民进副总统参选人萧美琴上午表示，竞总在催促她回来参选之前，她就请竞总要把身分都查清楚，“有问题就要赶快找别人”，竞总从头到尾都查得很清楚，大家都很有信心促成“赖萧配”。,政治,11,0.8773103
4,萧美琴爆回复国籍争议 蓝绿交锋 蓝营：萧若回复国籍不得参选 民进党副总统参选人萧美琴国籍问题成大选焦点。国民党台北市议员王欣仪昨指出，萧美琴二○○二年才取得中华民国身分证，质疑是否有“回复国籍”问题？参选立委的北市议员游淑慧也说，根据总统副总统选罢法规定，曾丧失或放弃国籍都不符参选资格，想问萧美琴曾丧失过中华民国国籍吗？目前国籍是回复而来的吗？更喊话“内政部、中选会敢查吗？”,政治,4,0.8619648
5,亚锦赛／第二天大巨蛋场内下小雨原因曝 蒋万安诺：即刻处理 亚洲棒球亚锦赛昨天在台北大巨蛋拉开序幕，观众对于台湾第一座室内棒球场给予高评价，不过今天下午进行亚锦赛时，却有民众发现场内有漏水状况，议员要求尽快处理不要让台北市“漏气”，市长蒋万安也允诺，今天会即刻处理，远雄说明，因施工过程管线接合不慎产生间隙，导致从接合处渗漏，,体育,2,0.9853499
7,亚锦赛／封徐若熙“154公里怪物”韩媒：连续被台湾投手压制 徐若熙在亚锦赛开幕战缴出7局10K无失分的完美表现，助中华队以4：0完封南韩。韩媒也不禁感叹，从杭州亚运开始，都被中华队“怪物投手”压制。,体育,4,0.97158724
8,影／比蒋万安预期快 台北大巨蛋1.7万人散场仅花25分钟 亚洲棒球锦标赛首场比赛今天登场，由中华队对上韩国队，终场中华队以4比0击败韩国队，比赛仅花费2个半小时，吸引1万6647人入场观赛，进散场动线都相当顺畅，散场仅花费25分钟，比市长蒋万安预估的30至45分钟还快，球迷对于巨蛋评价也相当高，期待未来有更多比赛于此举行。,体育,11,0.98383486
9,大巨蛋意外成选战议题…蒋万安贴一张照片 网讚：比柯P强百倍 台北大巨蛋昨晚亚锦赛开幕战中韩大战，中华队以四比零完胜韩国队，拿到今年亚锦赛首胜，台北市长蒋万安昨天深夜也在脸书留言区贴出昨晚中韩大战，与当年球迷喊我们要巨蛋“龙狮大战”的老球员一起在看台看球合照，并贴文说“和当年拚战的球员一起在大巨蛋看球赛，格外有意义！”,体育,15,0.98660606
10,中职／当年兄弟没抽中籤王  今签下陈俊秀将衝击许基宏 今年球季结束陈俊秀行使FA自由球员权利，根据媒体报导，他已经与中信兄弟高层见面洽谈，近期可望宣布加盟黄衫军，消息一出震撼球界，不禁让人感叹命运好好玩。,体育,13,0.9786905
11,油到靠北！700元吃火锅肥滋滋这盘端上桌 网：是草莓蛋糕吗？ 天冷许多人都想吃火锅。一名网友PO出一张几乎都是肥肉的牛肉盘，指花700多元吃火锅套餐，却看到店家端这种东西给客人，让她气到PO文抱怨，引发网友热议，有网友说，“油到靠北”、“可以炸牛油了”，还有网友说，“猛一看还以为是草莓蛋糕”。,生活,2,0.9819692
12,【即时短评】中华队留下大巨蛋首胜 是对柯P最大的讽刺 中华队昨天在1万7000名球迷见证下，不仅在亚锦赛中击败宿敌韩国队，更留下大巨蛋正史启用后的第一胜。只不过，原本预计2015年就要孵出的大巨蛋，因为被柯文哲扣上了“弊案”二个字一拖就是8年，中华队这历史的一胜，也是柯文哲行政能力最大的讽刺。,体育,11,0.9812484
13,台湾缺工又低薪 水泥工曝30年前收入：年轻人被1制度害惨 大环境缺工问题难解，对于很多人来说，宁可失业也不要低薪。一名从业30年的水泥工认为，是过去“教育体制”种下了缺工的种子，如今萌芽后，也让年轻世代更加难过。,经济,4,0.9732103
14,3年轻人量贩店拿杀虫剂玩火酿灾 肇祸男没钱交保改饬回 中坜一家量贩店昨天凌晨近4时发生火警，警消清查发现竟是3名屁孩玩乐酿祸，检察官複讯令点火的郭男（左1）2万元交保候传，黄、周姓同事则限制住居。记者陈恩惠／翻摄,社会,11,0.98161554
15,亚锦赛／这支中华队让教练很头痛？陈孝允没让郭李失望 中华队今天在亚洲棒球锦标赛开幕战以4：0击败南韩，先发打线唯一业馀代表、出身合库队的29岁好手陈孝允，3局下关键安打成为致胜一击，也是台北大巨蛋第1分打点，他说：“ 其实打进来时，没想过会是历史性第1分，做好该做的工作最重要。”,体育,4,0.9819685
16,大雪将至迎孤鸾龙年 4生肖宜大破大立求转运 12月7日迎来节气“大雪”，是“黑兔年”倒数第4个节气，后续迎来甲辰龙年，但民俗专家廖大乙说，明年是“无春年”就是孤鸾年，龙、狗、羊、牛等4生肖犯太岁，气弱运低，建议要有大破大立的决心，并把握剩下节气补气行善求转运。,文化娱乐,6,0.98086566
17,萧美琴“国籍争议”恐陷选举危机 郭正亮揭内幕：吵不下去的 近日，国民党籍议员王欣仪、游淑慧质疑，民进党副总统参选人萧美琴在2000年时没有台湾身分证，直到2002年才申请，怀疑萧曾放弃国籍又再回复，不具参选资格，喊话相关单位应严肃查验。对此，前立委郭正亮3日表示，萧美琴并非没有国籍，而是没有“户籍”。,政治,4,0.9829527
18,王鸿薇爆潘孟安住建商豪宅 赖竞总：赁屋万华和助理住 去年九合一大选后，屏东县前县长潘孟安不入阁，加入民进党总统参选人赖清德团队，担任竞选总干事全心替赖辅选。不过，国民党立委王鸿薇今天揭露，潘孟安北上辅选后，入住绿能厂商“力能能源科技”董事长杨宗名下豪宅，位于万华的“力麒御品”，一户要价五千多万元，潘孟安与男性助理共同住在53坪双车位房内。杨宗背后更是大有来头。,政治,10,0.9873298
19,没南横活不下去？人潮留不住 甲仙商圈力求走出困境 南横复通第二个周末，甲仙人潮仍旧没有想像中踊跃，餐厅业者感叹“见很多重机车队呼啸而过”，但停下消费不多。部分业者则认为是被选举拖累，越接近投票日，造势活动多，出门游玩人数就减少。甲仙形象商圈理事长林玮凌表示，不少南横旅行者都在跟时间赛跑，商圈已著手改造，一定要为地方留住人潮。,旅游,4,0.98511666
20,独／司法官学院惊爆两名准司法官性骚女同学 1人原职是警察 法务部司法官学院惊爆男学员性骚扰事件，加害人不止1人！训练中的2名男学员遭指控利用与女同侪聚会时无视性别礼仪，行为失序，参与聚会同学认为准司法官品操下贱不能姑息，提出检举，学院官员处理中。,法律,8,0.9832572
21,这档金控股明年恢复配息 外资上周大买超卡位 根据台湾证券交易所统计，上周外资在集中市场买超372.84亿元，买超个股中，以明年有望恢复正常配息的开发金（2883）24.04万张最多，另卖超联电（2303）9.85万张最多。,经济,11,0.9724241
22,亚锦赛／茫茫人海寻叶总 徐若熙：一天没看到他就怪怪 徐若熙今天把台北大巨蛋变成他的“三振秀”舞台，先发7局无失分，狂赏南韩队打者10次三振，率领中华队在亚洲棒球锦标赛开幕战以4：0赢球。母队味全龙队总教练叶君璋今天也在观众席上，徐若熙坦言知道他大概坐在什麽位置，在感觉自己动作怪怪时，也不自觉想要寻找他的身影。,体育,10,0.98383456
23,潘孟安 被爆入住绿能厂商豪宅 去年九合一选举后，屏东县前县长潘孟安未入阁，选择加入民进党总统参选人赖清德团队，担任竞选总干事，全心为赖辅选。不过，国民党立委王鸿薇接获爆料，潘孟安北上辅选后，入住绿能厂商“力能能源科技”董事长杨宗名下豪宅、位于万华的“力麒御品”，一户要价五千多万元。,政治,14,0.98263776
24,谁卡大巨蛋？ 游梓翔、李来希骂柯文哲 黄珊珊指内政部 台北大巨蛋昨天迎首场正式比赛，亚锦赛开幕战中华队以4比0击败南韩，国人讨论热烈。世新大学传播博士学程教授游梓翔、全国公务人员协会前理事长李来希都批民众党总统参选人柯文哲时任台北市长任内卡蛋。柯文哲竞选总干事黄珊珊则直指内政部卡蛋1年多，“不然2022年底早就可以启用”。,体育,10,0.98579425
25,9-10月统一发票中奖清册看这裡！幸运儿花15元中千万大奖 财政部赋税署今天公布9-10月期统一发票中奖清册，200万元特奖和1000万元特别奖分别开出15张，其中千万大奖最幸运的民众出现在桃园市中坜区龙慈路59号、61号的全家便利商店，只花15元的手续费就中奖，至于200万元特奖的幸运儿只花了9元的列印费，奖落新北市中和区民安街27、29号的7-ELEVEN。,经济,13,0.98325723
26,重电四雄订单满档 台电强韧电网计画持续放电，重电四雄中包括中兴电（1513）、华城、士电及亚力在手订单满档，各有亮点与利基。法人预期，四雄均有望在第4季交出漂亮的营运成绩单。,商业,2,0.9724229
27,美丽岛公布大选民调！赖萧配、柯盈配支持度上升 侯康配下滑 美丽岛电子报今天公布第81波民调，调查时间为11月29日、11月30日、12月1日，民进党赖萧配37.8%、国民党侯康配29.5%、民众党柯盈配17.7%。,政治,6,0.9724243
28,国籍争议明见真章...吴欣盈遭质疑出国“避风头” 黄珊珊：早就订好的行程 民众党副总统参选人吴欣盈遭质疑有双重国籍，民众党总统参选人柯文哲竞选总干事黄珊珊今天表示，对于吴欣盈国籍的问题，既然大家有疑问，那就交给中选会查核，至于吴欣盈要前往杜拜参加气候变迁大会，这是早就订好的行程，没有人要避风头。,政治,3,0.98196965
29,穿DPP制服激吻、住建商豪宅... 赖清德团队怎麽了？ 总统大选进入短兵相接阶段，民进党总统参选人赖清德团队频出包，赖清德辅选大将林正鸿被爆早上在组织部操盘，晚上穿著民进党制服上酒店激吻酒店陪侍；赖清德核心干部潘孟安今被揭露北上辅选住进率能董座豪宅，赖办反击“中南部子弟北上打拚也都选择租房”，但该栋豪宅每月6万8千元还有两车位，屋主杨宗近期在屏东拓展光电事业，也遭民代质疑双方关係。,政治,5,0.98766345
30,台湾建商怎麽没爆炸？ 专家：央行不愧是超级Ａ 德国、法国、瑞典、芬兰等欧元区主要国家建设公司近来大量破产，中国、澳洲、越南，乃至于日本与美国，破产的建商数量也较前年明显增加，很多人好奇，“台湾建商怎麽没爆炸？”,经济,4,0.9759578
31,出国躲国籍风波？吴欣盈再呛媒体：希望以后提问先查证 民众党副总统参选人、立法委员吴欣盈深陷国籍疑云，遭疑有双重国籍，受访时更一度反呛媒体“妳当记者有问爸妈吗？”。吴欣盈今担任立院卫环委员会召委，会后由民众党安排媒体联访，被问到是否为躲避国籍问题而出国，她再度反呛媒体：“希望媒体以后问问题要做功课，自己查证一下。”立法院安排代表民众党出国去COP的行程，十月就已经订下。,政治,8,0.9873297
32,悲剧！ 随父母逛服装店、3岁女独自玩巨镜惨遭压毙 事发影片疯传 印度发生女童被巨大镜子压死的惨剧！当地1名3岁女童日前和父母行服饰店时，独自留在玻璃门附近玩巨大镜子，当她抓住把手旋转时，巨镜突然塌下将她压倒，虽即时送院仍终告不治。,社会,2,0.9808651
33,不怕违停！桃园店家“停车规划”超强 8千人朝圣喊：有日本的感觉 台湾地窄人稠，道路常常出现违规停车、併排等恶习。近日脸书“台湾交通安全协会”发文分享，在中坜某处的新商店，把建筑物往内退缩，把土地空出来给顾客停车用，大讚“台湾能做到这样的店家没多少”，网友也推，“有日本路面店规划的感觉”。,社会,7,0.981969
34,中坜量贩店大火消防勘验火场 家乐福：中原店停业恐逾2周 桃园市消防局至家乐福中原店火场鑑定调查，店方公告停业，估计停业不只1、2周，可能要更久。记者曾增勳／摄影桃园市中坜区家乐福中原店昨天因3年轻人以杀虫剂与打火机在地下一楼卖场嘻闹，造成全栋火警，地下一楼窜出大量浓烟，警消百人灌救及时灭火，该店损失惨重，消防局火调科人员今天上午至火场鑑定调查，家乐福公关主管中午表示，目前火场鑑定调查中，停业时间还需一段时间、不只1、2周，可能要更久，实际时间还要等总部正式公告。,社会,0,0.9900259
35,他捡14张百元假美钞奔银行换钱 台银总行报警抓人 苏姓男子日前整理资源回收物时，在红包袋内发现14张面额百元的美钞，兴高采烈跑去银行要换成台币，两间不同银行查看，均认为颜色怪异、质感老旧，不确定是否为真钞，建议他去台湾银行总行询问，总行一比对，确认是假钞立刻报警。苏男在场不断喊冤，但因意图行使伪造货币，仍被依伪造有价证券罪送办。,法律,13,0.98621154
36,萧美琴国籍争议 游淑慧点出这件事 重点应当事人说明 民进党副总统参选人萧美琴的国籍争议，国民党大同士林立委参选人游淑慧今天贴出萧美琴今年9月7日在脸书贴出的一篇报导，上头标题为“华裔美籍萧美琴，高分考上省南女，返美升学留下佳话”。游说，萧美琴的国籍争议疑虑起源，是来自10几年前、萧美琴当事人的自述，不是在野的爆料。,政治,3,0.98462933
37,兆丰金（2886）增资价33元别为了参加买进！ 专家：本就股东者没钱“用这招”也要参加 兆丰金（2886）近日举行法说会，会中总经理萧玉美说明，现金增资案已由金管会核准，发行股数3.5亿股，增资主要的用途是45亿元用于兆丰产险的增资，以及偿还上一次兆丰产险的增资款60亿元，预计会在明年的1月底完成。,商业,15,0.9829533
38,卢秀燕率蓝小鸡 帮蔡壁如站台 民众党台中市第一选区立委参选人蔡壁如昨成立竞选总部，蓝白总统选举虽分道扬镳，但台中市长卢秀燕接下竞总主委，昨还率国民党立委参选人到场力挺；不过，卢不仅未与民众党总统参选人柯文哲同框，连国民党立委及参选人也全数迴避。卢致词时说，她担任蔡壁如志工，不是为哪个政党，是为了台中、台湾更好。,政治,4,0.9835505
39,OL入住猫旅馆“2喵管家陪睡陪工作” 结果整晚睡不著进度挂0超无言：要给负评了 这不知道是幸福还是不幸福。一名女子到相当有名的猫咪旅馆投宿，想说租两隻猫咪管家回到房间内陪自己睡觉跟工作，结果没想到把猫咪带回房后被干扰到完全无法工作，让她无言直呼“这要给负评了”。,社会,3,0.9816152
40,亚锦赛／球迷在大巨蛋外一度疑惑 下雨天比赛打不打？ 亚洲棒球锦标赛第2天赛事，表定中午12点半分别在台北大巨蛋、台中洲际球场进行的比赛，受到天气影响出现不同结果，台北菲律宾、泰国之战准时开打，台中香港、巴勒斯坦之战因雨延后，“巨蛋效应”已经浮现。,体育,4,0.9796167
41,萧美琴国籍争议 内政部：三组候选人都符合规定 民进党副总统参选人萧美琴国籍事件闹得沸沸扬扬。内政部发言人林昆锋今天表示，关于三组正副总统参选人是否拥有中华民国国籍一事，中选会函询内政部确认，经查所询对象三组（六名）的资格，均符合内政部执掌的相关规定，内政部并已函覆中选会。,政治,9,0.98124844
42,国1北上新竹段凌晨条状钢铁散落 43车接连碰撞受损 国道1号北上97.6公里处新竹段今天凌晨1点多车道上忽然出现钢铁条状物品，由于是深夜，路段昏暗，连续有多台车经过没察觉，直接碰撞车道上散落物，造成车体、轮胎受损，在车道上等待拖吊车救援，总计共43部车受损，目前警方正调阅监视器，追查散落物车主，细节仍待釐清。国道1号北上97.6公里处今天凌晨1点多车道上忽然出现钢铁条状物品，由于是深夜，路段昏暗，陆续有多台车经过没察觉，直接碰撞车道上散落物。记者王骏杰／翻摄自记者爆料网 ,交通,9,0.9903342
43,今锋面中部以北降雨明显 吴德荣：明好转周三水气再增 锋面及华南云雨区东移影响，中央气象署发布大雨特报，今天基隆北海岸有局部大雨发生的机率。中央大学大气科学系兼任副教授吴德荣今天在“三立准气象.老大洩天机”专栏表示，今晨锋面云系移入，伴随降水回波，苗栗以北已有明显降雨。,气象,7,0.98355055
44,中原店火警后暂停营业 家乐福发声明：公安待鑑定评估 位于桃园市中坜区的家乐福中原店，今（4）日清晨因3年轻人以杀虫剂与打火机于地下一楼卖场玩乐，导致全栋卖场火警，家乐福今日下午发出声明表示，中原店目前暂停营业，为考量顾客安全为第一优先，待中原店内部修缮后，遵循相关法规包含：建筑、消防、公共安全等鑑定评估，才能恢复营业。,社会,12,0.9841087
45,霉浆菌不仅在中国爆发 抗生素、呼吸器医材股都涨停了 中国呼吸道疾病疫情上升，疾管署已于4处国际机场针对中港澳入境有症状旅客“定点监测、鼓励採检”，此外，国内近日流感、新冠也有增加趋势，市场预期，冬季病毒大爆发在未来2个月，甚至恐一路延烧到明年春节，使得防疫相关需求再度攀升，除了口罩，快筛的需求也将回升。,健康,15,0.98325735
46,少女搭机上厕所疑遭空少iPhone偷拍 惨现PTSD症状怒告美航 美国一名14岁的少女与家人搭乘飞机，因途中想上厕所，便跟随空服员的指示。不过，少女在上完厕所后，却惊讶的发现马桶盖子上黏了一台手机，自己的如厕过程疑似遭到录影，因此出现创伤后压力症候群的症状。,法律,10,0.9796172
47,"黄狗被小主人强迫陪读 无聊到打瞌睡遭“一掌强制开机”满脸懵：我太难了... 狗狗陪读太不容易了。一隻小黄狗守在念书的小主人身旁陪伴，听课文时打起瞌睡，被小主人一掌拍醒，神情感觉相当无奈。
",生活,5,0.9732118
48,汐止夫妻双尸相验 家属悲“好好的女孩子被割成这样” 新北市汐止区蓝姓夫妻昨天双双陈尸在家中浴室，脖子上都有割伤，地上留下大量血迹。警方勘验后初步排除外力介入，今天下午检警相验夫妻遗体，死者蓝男及陈女家属也都到场，面对询问均一语不发。疑似陈女家属向葬仪社人员比出割喉手势并表示：“好好的女孩子被割成这样。”确切死因仍待检察官相验釐清。,法律,0,0.9853502
49,结婚快20年！高级餐饮连锁店经理“已堕胎11次” 无助哭喊：我还有救吗？ 堕胎，我心中的痛,健康,0,0.9413995
50,专访／“政策如吃大锅饭”应鬆绑 台大校长陈文章：否则难有世界级大学 国立台湾大学2028年将迎来百年校庆，校长陈文章近期说明包括设立百岁基金，拔萃讲座结合玉山学者等育才揽才计画，近日接受本报专访时也提出政策期望，他表示，政府力推前瞻基础建设，希望也能用于提升大专校院设施；再者，大学人事聘任、薪资等机制应再鬆绑，否则所有大学一同吃大锅饭，难有世界级顶大。,教育,1,0.9867948
51,货物通缩回来了 美通膨可能因此重返至2% 美国家电、家具、二手车在内部分货物价格开始下跌，经济学家认为，货物通缩的情况有利整体通货膨胀最快在明年下半年即可回到联准会（Fed）所设定的2%目标。,经济,15,0.97242403
52,名记者爆料俄乌军头秘密和谈 泽伦斯基被告知：有没有你，都会继续谈 阿拉伯独立媒体Al Mayadeen英文网报导，美国独立记者赫希（Seymour Hersh）确信俄罗斯参谋总长格拉西莫夫（Valery Gerasimov）和乌克兰武装部队总司令扎卢兹尼（Valeriy Zaluzhnyi）正在进行和谈。,军事,4,0.97395355
53,南投旅游请民宿代订4000元大餐 打开超傻眼：像菜市场买的 许多民众在国内旅游时，会请民宿代订餐点，不过近日就有一名网友分享，他到南投鱼池旅游，请民宿老闆代订一桌4000元的餐，没想到拿到餐点后，让他超傻眼，引发众人讨论。,旅游,12,0.97961783
54,人头户交易限制 明年上路…业者忧来不及改系统 知情人士透露，政府为严管人头户氾滥问题，内政部警政署和刑事局上周四透过金管会、银行公会邀集银行、信合社和电支业者开会，要求只要被认定为人头户且遭警方告诫，明年起未来五年内，除了每日可转帐和ＡＴＭ提现各一万元之外，其馀自动化交易几乎全面被冻结，由于新制上路仅剩不到一个月，业者担心系统来不及修改因此“炸锅”，全面冻结的指令能否延后上路，已引发整个金融圈高度关注。,经济,2,0.9882799
55,道歉也没用！最不能“忍受欺骗”四大星座 一旦遭背叛就信任瓦解 在感情中，诚实与信任非常重要，是维繫一段关係的基础。然而，有些人一旦发现自己被欺骗，就再也不会相信对方了。根据陆媒《搜狐网》运势专栏分享，感情中有“4个星座”最不能接受被欺骗，即使对方向他们道歉也于事无补。,文化娱乐,0,0.97767645
56,杀虫剂喷打火机为何烧掉家乐福？ 专家直指罐内“物质”危险 中坜区家乐福中原店B1地下一楼失火，竟是3 人持打火机用卖场杀虫剂喷洒助燃引发大火。记者曾增勳／翻摄桃园市中坜区家乐福中原店24小时量贩B1地下一楼，昨清晨突然失火，地下一楼商场商品付之一炬，警方初步调查，大火竟是一名男子在2友人怂恿下，在卖场清洁用品区，持打火机用卖场杀虫剂喷洒助燃，引发大火。,社会,6,0.9867935
57,捷运板桥站传意外 男搬运看板搭手扶梯遭夹送医 捷运新北板桥站今天下午2时51分发生意外，一名30馀岁男子搬运活动看板搭乘3号出口手扶梯时，未注意手扶梯与天花板高度，导致看板变形，男子遭看板压困，新北市消防人员获报到场协助脱困，男子肢体疼痛、意识清醒，送往板桥亚东医院，意外发生时也让周遭民众吓一大跳。,社会,3,0.9864114
58,五杨高架延伸头份在望 苗县府提短中长期配套降低衝击 国道1号五杨高架延伸苗栗县头份市预计2032年完工，县府提具头份交流道北上匝道拓宽增加1个车道，延长北上主线加速车道长度等配套，短、中、长期降低衝击头份交流道交通。,交通,9,0.98124856
59,15场选前大造势起跑 国民党：串联全国展现陆战实力 国民党今天表示，为回应主流民意要求政党轮替的期待、展现迈向胜选的坚强实力，宣布到明年总统大选1月13日之前，共有15场选前大型造势活动，凸显地方动员能力及超强陆战实力，为政党轮替吹起反攻的号角。,政治,13,0.9804667
60,"哈士奇散步途中鑽进树丛揪出“随地便溺男”饲主糗爆立刻逃跑：我不认识这隻傻狗 遛狗遇到超尴尬的事。一名饲主带自家哈士奇散步，二哈突然跑进草丛，揪出一个在裡面上厕所的路人，害主人当下不知所措，所幸直接跑掉。
",生活,8,0.97916347
61,联合报社论／没有一党独大，怎会有民选独裁？ 蔡英文总统最近辅选时连续强调没有一党独大那回事，国会过半好做事。前一句是蔡总统睁眼说的瞎话，后一句才是她的真心实话。正因为有国会过半的辗压式护航，才会有七四五天不开记者会的总统，才会有享尽权力滋味却绝不认错、从不改过的政府，才会有“圣意独裁”的民选皇帝，也才会讲得出一党独大不存在的超级假讯息。,政治,0,0.98557556
62,大巨蛋政治学 到底谁捣蛋？秦慧珠：前7年柯P卡蛋 最后1年内政部在卡 台北大巨蛋昨晚亚锦赛开幕战中韩大战，中华队四比零完胜韩国队。国民党议员秦慧珠大讚台北市长蒋万安做实事，一上任就派副市长李四川与中央努力沟通，才让大巨蛋风光开幕；外界将矛头指向台北市前市长柯文哲“卡蛋”，秦慧珠说，台北大巨蛋过去这8年，前7年是柯文哲在卡，最后1年是中央内政部卡蛋。,政治,4,0.9871563
63,晶片禁令！美来台画红线 商务部下月赴科学园区办说明会、AIT邀台厂与会 美国今年十月扩大管制对中国大陆出口晶片，美国商务部下月将派说明团来台，前往新竹与台南科学园区举办说明会，向我国的半导体制造、ＩＣ设计、材料和设备等业者说明禁令更新细节。,贸易,14,0.98005193
64,亚锦赛／大巨蛋比赛传警报声响 菲律宾教头坦言被吓一跳 亚锦赛今天迎来第2天赛程，儘管台北下大雨，但台北大巨蛋的泰国与菲律宾之战，仍如期举行。不料，比赛进行到7局下，球场竟出现“火灾警报”声音，两队球员都被吓到。,体育,3,0.97395444
65,两岸青年交流推手、北京台青郑博宇病逝 享年37岁 海峡两岸青年交流协会（简称“海青会”）理事会首任执行长、北京台青郑博宇，于12月3日因突发疾病，经全力抢救无效逝世，享年37岁。海青会发布的讣告称，郑博宇多年来奋战在两岸青年交流的领域，他的逝世，是海青会的遗憾。,体育,6,0.979618
66,"萧美琴双重国籍传言 事实查核中心：2002年已弃美籍 2024总统大选明年1月登场，近期各政党参选人是否放弃双重国籍引发诸多讨论，针对民进党副总统参选人萧美琴仍有美国籍传言，事实查核中心指出，她2002年就已放弃。
",政治,3,0.9746598
67,砂石车、复康巴士、小货车撞一团 云林车祸造成1命危2伤 云林县莿桐乡云156线和平路今早9时20分许，一辆砂石车在路口与一辆小货车相撞，因撞击猛烈，砂石车撞毁大排桥的护栏，悬空在桥上，一辆复康巴士驶抵现场闪避不及也撞上，3车撞在一起，砂石车司机受困被救出送医，小货车刘姓司机则无呼吸心跳呈现命危，送医急救中，复康巴士幸好空车，司机只受轻伤，这起车祸共造成一人命危两人受伤，案由警方处理中。,交通,7,0.9878232
68,下班注意！4县市大雨特报 恐一路下到晚上 下班要注意了，受锋面等影响，中央气象署下午4时针对北北基宜等4县市发布大雨特报，恐一路下到晚上。,气象,6,0.9665153
69,侯友宜感叹大巨蛋拖8年 黄珊珊：搞清楚烂摊子是谁留下 国民党总统参选人侯友宜昨天感叹，台北大巨蛋一拖就是8年，外界认为是在暗讽民众党总统参选人柯文哲。柯文哲竞选总干事黄珊珊今天回应，从台北市前市长马英九到郝龙斌，整整16年生不出一颗蛋，“烂摊子是谁留下来，请他先去搞清楚再来说。”,政治,4,0.9812482
70,挥军南下！以军地面入侵加萨全境 与哈玛斯在南部城市甘尤尼斯交火 路透报导，以色列当地时间3日表示对加萨全境展开地面入侵行动，这是国防军迄今为止挥军南下最明白的宣告，哈玛斯也证实在距离南部城市甘尤尼斯（Khan Yunis）两公里处和以军发生交火。,军事,8,0.9791645
71,高雄新建大楼7楼顶楼失火 火光照亮夜空消防抢救控制 高雄市新兴区大同一路和瑞源路口一栋新建中的大楼昨深夜11时21分许传出火警，火苗从7楼顶楼处窜出，建材易燃，浓烟向上窜烧，火势从高处往低楼层烧，火光照亮夜空，从一公里外即可见，消防局出动12车20前往灌救，幸未传人员受伤。,社会,2,0.98383415
72,赖清德屡喊中捷到南投 许淑华不忍了...揭中捷延伸真相 民进党总统参选人赖清德屡开支票喊“当选后台中捷运延到南投”，台中市议员江和树今质询质疑赖清德“为何现在不做”；南投县长许淑华则痛批，民进党跟赖清德根本没把民生意见摆第一，只把中捷到南投当政治筹码，民众都看在眼裡。,政治,13,0.9819693
73,“黄珊珊看错了大巨蛋” 游梓翔点名柯文哲、内政部卡蛋 台北大巨蛋昨天亚洲棒球锦标赛首战，中华队夺下首胜，举国欢腾。民众党总统参选人柯文哲竞选的总干事黄珊珊今指内政部卡蛋1年多，“不然2022年底早就可以启用”。世新大学传播博士学程教授游梓翔在脸书表示，柯文哲和内政部先后卡蛋，黄珊珊看错了大巨蛋。,政治,1,0.5076736
74,NBA／詹皇与火箭教头互呛内容曝光 布鲁克斯尝试当和事佬 火箭昨天以97：107不敌湖人，苦吞开季客场8连败。比赛中，火箭教头尤多卡（Ime Udoka）和湖人一哥詹姆斯（LeBron James）互呛，各被吹1次技术犯规，如今对话内容也曝光。,体育,10,0.972424
75,吴欣盈成自走砲？ 孙大千惊“不是我认识的她”：过去媒体操作很精准 2024总统大选剩不到40天，由民进党赖清德搭配萧美琴、国民党侯友宜搭配赵少康、民众党柯文哲搭配吴欣盈相互竞逐。其中民众党的吴欣盈因率性发言频惹议，国民党前立委孙大千对此指出，吴欣盈过去对媒体的操作是非常精准的，因此看到她近期的表现，实在觉得万分讶异且离谱。,政治,12,0.9829533
76,联合报黑白集／放下政治，郭董路更宽 最后一刻弃选的郭台铭，蛰伏多日后，发文谈其“人生两大打击”：前妻和弟弟罹癌去世。这些痛苦，化为他捐款兴建癌症医院的大爱，要帮为癌所苦的人奋战。郭董文中未提选举，彷彿此事已经与他无关；两度弃选总统，并非他人生的沉痛打击。,政治,7,0.9812473
77,卢秀燕严守与柯文哲“不同台、不巧遇” 蓝白合总统局破裂，台中市长卢秀燕不仅谨守“柯卢不同台、不巧遇”红线，昨天造势场合不穿民众党背心，连民众党总统参选人柯文哲的空椅子也被移开，凸显大选在前，国民党坚壁清野及分寸拿捏。,政治,12,0.977132
78,6旬夫妻情变 不识字夫遭骗印鑑章过户新北2栋房产 桃园市66岁张姓男子因自身不识字，于是将房产文件及印鑑均交给61岁庄姓妻子保管，庄女为保障自身，2019年9月利用不知情地政士以“夫妻赠与”为由，将张男新北芦洲2栋房产移转至自己名下，后因夫妻争吵，张要求返还权状印章，庄女担心东窗事发，修改权状的所有权人资料后列印交付，张至地政事务所洽询发现竟是赝品，桃园地检署侦结，将庄女依伪造文书罪起诉。,法律,4,0.98679346
79,队中最好强打还是贾吉 突显洋基养成灾难 被台湾球迷戏称“八字不够重”扛不起洋基40号球衣的塞佛里诺（Luis Severino）终于在上週跳槽同城大都会，成为第一个找到新东家的前洋基球员。在塞佛里诺离队后，洋基土生土长球员中的“红军”（台语，资格最老）就成了明年将迈入生涯第九个球季的大队长贾吉（Aaron Judge）。,体育,1,0.98230994
80,前“香港众志”副秘书长周庭宣布弃保 永久离开香港 前“香港众志”副秘书长周庭因参与2019年反送中运动遭判刑10个月，2021年刑满出狱后，于今年9月获香港国安处发还旅游证件批准其离港前往加拿大升学，但要求必须在本月底返回香港报到。但周庭昨日于社交平台宣布，决定“不回去报到了，也大概一辈子不会回去了”，形同宣布弃保。,政治,2,0.9853501
81,长荣海运全球最大型2.4万TEU货柜轮开箱 生活空间媲美豪华邮轮 长荣海运（2603）2.4万TEU“A”型货柜生活空间媲美豪华邮轮！长荣海运轮颠覆以往过去对船上及船员生活印象，首先生活空间的设计媲美豪华邮轮住宿规格、餐饮环境；工作环境动线规划佳，更领先全球海运界，驾驶台採全包覆式的贴心设计，免于每次靠港作业时的风吹日晒雨淋，两大优势成为国内航海相关学系的学子毕业第一优先选择。,交通,12,0.98733
82,【专家之眼】何不增设“出国旅行支出”特别扣除额？ 吃饭、穿衣、适当休閒与娱乐等，皆为个人生活之基本需要，何以综合所得税没有用餐、购置服装、休閒与娱乐等特别扣除额？原因在于：《所得税法》有“免税额”、《纳税者权益保护法》有“基本生活费用不得课税”之设计，可适当考虑个人维持基本生活所需之费用与支出，不须另设扣除项目。,法律,13,0.98196906
83,10月美债殖利率涨破天...银行进场狂扫 关键原因曝光 10月美债、海外债殖利率涨破天，金融业顶著旧债评价损失的压力锅往前衝，趁10月殖利率飙涨、价格破底的“甜蜜价”进场，提前替明年降息做布局。据金管会最新统计，10月银行业加码债券876亿元是近四个月最大手笔，累计前十月已敲进债券1兆242亿元，续居“买债王”。,经济,5,0.9846298
84,姚立明：选前最后两周大陆恐放大招 民进党已做好准备 民进党总统参选人赖清德竞选总部主委姚立明在香港明报4日登出的访问中表示，一旦赖清德当选，大陆不会攻台，反而两岸有战争的可能最低。但他研判，大陆可能在选战最后两周“放大招”，让台湾的选民觉得“选赖清德很危险”，民进党对此已做好准备。,政治,4,0.62756014
85,美债狂涨一波后还会猛升吗？ 经济著陆是软或硬成了焦点 债券市场近月强劲反弹大涨，显示出交易人士相信联准会（Fed）升息周期已经结束。现在，讨论焦点转向央行何时开始降息？会降多少幅度？,经济,3,0.97395396
86,MLB／大谷追逐战已到最后阶段 纽邮爆料身价达6亿美元 大联盟巨星大谷翔平进入自由球员市场后，毫无意外引发众多球团追逐，纽约邮报指出，随著竞标愈来愈激烈，大谷可能成为身价6亿美元（约合台币187亿5654万）的球员。,体育,13,0.9776759
87,巴拿马塞船…货柜双雄拟收附加费 全球货柜运价有撑 巴拿马运河乾旱导致通行成本续涨，全球多家指标航商确定加收通行附加费，其中龙头航商地中海航运（MSC）率先在本月每柜加徵297美元。市场传出，国内的长荣（2603）、阳明正研拟加收计画，金额待定。,贸易,8,0.9791636
88,影／台中妙龄女刚调好后照镜…2秒后发生悲剧 追撞机车双仆街 台中市陈姓女子在1日骑机车行经北区时，疑因调整机车后照镜角度，未注意到前方的机车已亮煞车灯，陈女在调完后照镜后两秒，即撞上前车，酿两人受伤，后方有轿车驾驶以行车记录器拍下，上传网路后引发热议。,交通,7,0.9819688
89,00713创新高站上50元…挂牌以来打败大盘4年！ 专家揭2缺点：捡便宜机会不多 00713今天领先大盘创新高，正式站上50元关卡。上週也公布今年第4次配息数字，预计配0.84，单次殖利率1.69%，年化殖利率近7%。,经济,8,0.97395474
90,2准司法官性骚女同学 司法官学院：汰除品德不合格学员 法务部司法官学院惊爆2名男学员性骚扰事件，且加害人不止1人，司法官学院中午发布声明指出，将严格依相关机制处理，以提升学员性别意识价值观和实践，汰除品德学识不合格的学员。,法律,8,0.97819597
91,高股息ETF涨势猛 这档新星“有底气、有买气”11月涨幅逾8% 台股11月以来大涨，吸引更多投资人“钱”进高股息ETF。观察17档高股息ETF中，有四档上涨超过8%，包括群益半导体收益（00927）、永丰ESG低碳高息（00930）、兆丰永续高息等权（00932）、中信成长高股息（00934）。,经济,1,0.978196
92,蓝白合遭告发搓圆仔汤“马朱侯柯”列被告侦办 法界：看不出来侦查价值 台独团体于“蓝白合”酝酿期告发前总统马英九、国民党主席朱立伦、国民党提名总统参选人侯友宜、民众党总统参选人柯文哲违反“搓圆仔汤”条款，检方分案；法界表示，检察机关受理告发不分案是“吃案”，告发案不易成罪。,政治,8,0.98325694
93,小主人乱抱猫还得意说牠很喜欢 虎斑“气到中风嘴歪”：你看我的脸像开心吗？ 藏不住情绪的猫猫？一隻虎斑猫被小主人抱起来遭爸爸阻止，女童很有自信地说猫喜欢她这样做，但猫咪的脸非常臭还撇嘴，让爸爸有点无言。,生活,3,0.9781948
94,T1联盟／啦啦队女神曝工作辛酸 竟有噁男认为给钱就能吃豆腐  刚加入台啤永丰云豹啦啦队的微醺感女神“牛奶”王俪洁，因舞技高超、容貌皎好，再加上魔鬼身材，拥有庞大粉丝关注。她近日在社群分享当舞者的辛酸，曾遇到有人想给钱对她毛手毛脚，让她非常不舒服。,文化娱乐,11,0.9800509
95,陆面板厂大减产…有助推升报价 双虎利多 大陆四大面板厂京东方、华星光电、惠科、咸阳彩虹出手捍卫电视面板价格，近期陆续通知供应商将再度扩大减产两成甚至更多，四大厂明年首季产能利用率将降到六成以下，“一季减少群创一年电视面板产能”，要透过大幅缩减供给，拉抬报价至获利水准之上，群创（3481）、友达等台厂同步受惠。,商业,8,0.9851169
96,今全台各地降雨 周三再一波水气 这时间探12度低温 锋面及华南云雨区东移影响，中央气象署发布大雨特报，今天基隆北海岸及宜兰地区有局部大雨发生的机率。天气风险公司天气分析师欧宗学表示，锋面在台湾附近发展并逐渐通过中，有大片的降雨云系正影响北部地区，并且逐渐往中部地区延伸。,气象,5,0.98355126
97,抢先一步？长沙街头惊见全新Cybertruck 特斯拉打脸：有点粗糙 特斯拉纯电动皮卡“Cybertruck”历经两年延宕，上月底终于举办交付活动，确定可从明年起交车。近日，有中国网友分享疑似在湖南长沙看到Cybertruck亮相街头，吸引许多人围观拍摄。,商业,0,0.975959
98,学者：民进党若再度完全执政 北京恐对台针对性武力展示 国家政策研究基金会副研究员揭仲今天在一场座谈会中表示，若赖清德副总统在2024总统大选中获胜，甚至民进党继续在台湾“完全执政”，则北京很有可能会在大选结果产生到总统就职日的这段期间，对台湾採取包括高强度针对性武力展示在内的高压行动，以吓阻新政府衝撞北京底线，同时试图影响总统就职演说的内容。,政治,13,0.98557544
99,知名投资客刘妈妈“东区店王”又空了 不降反涨开60万元求租 知名投资客刘妈妈持有的忠孝复兴站三角窗黄金店面，曾以每月租金百万租给雄狮旅游，但随东区人气下降，该店不是空置，就是租给特卖会，近期该店再度空租，目前开价每月60万元求租，换算一坪约1.5万元。,商业,11,0.9823096
100,亚锦赛／大巨蛋首战获多数球迷正面评价 有2点需改善　 亚洲棒球锦标赛昨天开打，这是台北大巨蛋首场正式比赛，受到不少关注。许多球迷在网上分享进场体验，有人认为巨蛋内部漂亮、看球视野佳、动线顺畅，但也有不少人批评音响太差，外观太丑。,体育,10,0.98005116
101,美军舰驰援红海3艘遇袭货船 击落青年运动无人机 以巴衝突恐扩大 英国金融时报报导，美国国防部3日证实3艘商业货船在红海遭到攻击，卡尼号驱逐舰（USS Carney）出动驰援，伊朗扶植叛军“青年运动”（Houthis）则宣称以无人机和飞弹作案，以巴衝突恐怕扩大至重要的海运贸易廊道。,贸易,7,0.97916394
102,添好运“蒸笼有蟑螂”！网友逆风不挺爆料者 两派战翻 吃港点竟然吃到小强！近日有网友于爆料公社发文，照片中可看到在台南新天地添好运的蒸笼中，见到蟑螂尸体，发文者也表示“加料不加价 添加了蟑螂”。不过由于爆料者也提及“处理方式 免单”，所以有网友认为不应该再转头爆料，引起两派人马的热烈争辩。对此，添好运所属的和亿生活集团也发表声明，表示经顾客现场反映后，已立即启动餐厅内外场查核机制，同时要求全台各分店针对各项流程进行重新自我检视，而顾客方面第一时间也进行相关补偿措施。,生活,9,0.9894648
103,太阳能厂再亮“红色警戒” 元晶、茂迪、联合再生等陷内外夹击 全球太阳能供过于求压力加剧，欧美市场库存大爆仓，大陆太阳能模组厂透过东南亚制造“洗产地”的产品无处销售，转向大量倾销台湾，并以市价六、七折抛售求现，售价比台厂成本还低。太阳能红色供应链不惜成本在台杀价倒货，元晶、茂迪、联合再生等台厂再度面临“红色警戒”。,商业,1,0.98463
104,造价1442亿元高捷黄线土建工程本月动工 这条路要在通车前拓宽 造价逾1442亿元的高捷黄线土建工程将在本月动工，施工路线所经过的本馆路，原本常塞车，市府决定拓宽，路幅将由原本15公尺宽拓为25公尺，并设停车位、转乘设施、人行道与绿带，工程费约1.5亿元，现正办理土地及地上物取得，预计2028年高捷黄线通车前完成，此案引起网友议论，有网友认为不抓违停跟并排停车，拓宽后还是会塞。,交通,11,0.986606
105,学者：国籍事项登记有案 一查就有 政治大学法律系副教授廖元豪指出，根据议员爆料，看不出萧美琴有放弃过国籍，即使她曾是美国公民，也不用放弃中华民国籍，比较可能是萧长期待在国外，太久没回台湾被除籍才没有户籍，但不影响参选资格。他说，国籍事项绝对登记有案，一查就有，中选会应该请内政部查核，并由内政部公开说明清楚。,政治,8,0.98325664
106,"金价再刷新历史高！一度突破2100美元关卡 还可以买吗？ 联准会（Fed）主席鲍尔对于升息抱持谨慎态度，他表示货币政策已如预期减缓经济成长，隔夜利率也已进入限制性区间，市场解读认为鲍尔暗示升息已经结束，激励12月1日黄金现货收盘上涨1.76%来到2,072.22美元历史新高，而且市场动能仍未终止，今（4）日黄金期货电子盘继续上涨逾1%，突破2,100美元关卡。",经济,15,0.98511785
107,男友婚前买妳名字的房子“不一定是真爱”？ 专家：小三住进来女友还卖不掉 男朋友买房买你的名字，你以为就是爱的表现吗？不一定。,文化娱乐,0,0.95535254
108,潘孟安爆住绿能老闆豪宅 侯友宜质疑为何住到业者房子 民进党总统参选人赖清德竞选总干事潘孟安被爆出住在绿能企业董事长杨宗名下豪宅，遭质疑受到财团供养。国民党总统参选人侯友宜指出，光电业者将房子租给民进党重要官员，不是租约问题而已，背后是否有其他问题？在状况没有釐清前，希望大家重视。自己没有预设立场，但当事人、民进党应该向大家说清楚，潘孟安为何会租光电业者的房子？,政治,3,0.98579395
109,长荣已跃升求职第一志愿 长荣海运近年大赚钱，而且长荣不只船队赚大钱， 同时提昇船员生活品质，船员月薪17万元起跳，干到船长更是30万元以上，在网路、休閒空间与膳食条件改善下，长荣海运早已成为太多人工作的第一志愿。,商业,12,0.9759594
110,柯文哲“这群人”的票跑来跑去 吴子嘉：他的挣扎会害到政党轮替 2024总统大选剩不到40天，由民进党赖清德搭配萧美琴、国民党侯友宜搭配赵少康、民众党柯文哲搭配吴欣盈相互竞逐，而多份民调显示“柯盈配”支持度暂居第三。对此，《美丽岛电子报》董事长吴子嘉也表示，“现在因为柯文哲的挣扎，会害到政党轮替”。,政治,12,0.9826377
111,影／国籍争议大不同？萧美琴：我是千锤百鍊 指吴欣盈“未来日子很辛苦” 民进党副总统参选人萧美琴今天上午首登竞选辅选车，陪同台中市第二选区立委林静仪车队扫街。被问及民众党副总统参选人吴欣盈的国籍议题时，萧美琴表示，吴欣盈从政时间比较短，未来日子会很辛苦；她也很辛苦，但“我是千锤百鍊，已经身经百战走过来”。,政治,3,0.98437345
112,"12月“涨相”最佳…台股年终攻高 打多头延长赛 台股11月大涨8.9%，12月交易首日再以17,438点创今年收盘新高，宣告大盘进入多头延长赛起跑。四大投顾法人表示，12月向来是台股“涨相”最佳月份，加以苹果、微软市值争霸战登场，台股AI供应链将有资金红利，有利年终作帐、集团作帐、作梦行情发酵，带动指数进一步攻高。",经济,0,0.9841088
113,上午11时8分士林规模2.4浅层地震 阳明山、淡水震度1级 中央气象署发布小区域有感地震报告，今天上午11时8分，在台北市政府北方13.9公里，位于台北市士林区，发生芮氏规模2.4地震，地震深度3.4公里。,气象,3,0.9746589
114,36岁女律师称“胜率最高离婚律师”、30年经验 被记警告 36岁许姓女律师大打“胜率最高离婚律师”广告，还在主持的律师事务所网站以“在高雄地区深耕34年”、“高雄律师最强律师免费法律顾问”等夸张文字推展业务，高雄律师公会认为她违反律师法、律师伦理规范和律师推展业务规范，将她移付惩戒，律师惩戒委员会决议警告，并接受6小时自费律师伦理规范研习。,法律,4,0.98600584
115,电动车有教人意外的缺点？新车主常被这项费用吓一跳 电动车车主发现了他们的新车有个出乎意料之外的缺点：撞车之后的修理费用往往很贵。,交通,2,0.9624957
116,AI封测追单强劲 日月光投控、京元电、硅格等可望“赚饱饱” 超微（AMD）、辉达（NVIDIA）AI新晶片连发，带动封测链跟著旺。业界人士透露，近期客户端对AI相关封测追单意愿强劲，整体量能比原本估计高逾一成，日月光投控（3711）、京元电、硅格等厂商可望“赚饱饱”。,经济,9,0.98046714
117,国1北上货车追撞砂石车 驾驶“铁包肉”遭夹1小时脱困 国道1号北向357.1公里处今上午11时52分许发生车祸，21岁袁姓男子驾驶小货车，疑未注意车前状况，往前方林男驾驶砂石车斗撞上，袁男货车车头被夹成“直角”，他则受困其中，成功脱困后意识清楚，左臂骨折及多处擦挫伤，已送往高雄荣总救治。,交通,8,0.98325676
118,拉拉初嚐气泡水停顿1秒“吓到综艺摔”！原地呆愣不敢相信：这是虾咪？ 国外有名饲主近日在社群平台IG上分享一段影片，拍下家中饲养的拉布拉多狗生第一次喝气泡水，强烈的气泡刺激吓得牠直接“原地弹跳”，斜眼看著瓶盖露出一脸不可置信的表情，珍贵瞬间吸引不少网友点讚留言表示“太可爱啦！”,生活,7,0.98437285
119,时机敏感…民进党台东县党部主委简维国酒驾 地方震惊 民进党台东县党部主委、议员简维国2日发生交通事故，双方未受伤，不过事后却传出简有酒精反应，被警方以酒驾送办。简维国表示，事故发生后他主动打电话报案，并在现场指挥交通等待员警到场，他因跑喜宴行程未能坚守原则，做了负面示范，心中有愧。,政治,3,0.98383385
120,影／高雄没风雨路树倒塌砸中宾士 车主接通知当场傻眼 高雄市今天气凉爽，但位于左营区华夏路一棵路树突然倒塌，不偏不倚砸中停在路边停车格的一辆宾士C300轿车，整棵枯萎的树干“躺”在宾士的引擎盖上，高姓车主接获爱车被砸的讯息到场，当场傻眼！,交通,11,0.98196954
121,以色列国安局长音档曝光！称将猎杀海外的哈玛斯分子到天涯海角 路透报导，以色列公共广播公司（Kan）3日释出一段音档，据悉是国家安全局（Shin Bet）负责人表示以色列将猎杀在黎巴嫩、土耳其和卡达等地的哈玛斯武装分子，花上数年也在所不惜。,军事,9,0.9746598
122,【重磅快评】萧美琴奇幻之旅：从美籍顾问到参选副总统 民进党人一直没放弃推动台湾“正常国家化”，赖清德参选总统挑搭档，便足以证明“这个国家”多麽不寻常。廿三年前，绿营首次执政，萧美琴是陈水扁总统聘用的“美籍顾问”；此刻“前美国人”搭配美国人阿公参选正副总统。“美德配”正在改写“外来政权”的定义。,政治,13,0.98355085
123,"台61线彰化段快速道路轿车追撞槽车 轿车驾驶全身骨折不治 台61线快速道路203.2公的里大城乡路段车祸，轿车驾驶人失去生命迹象。图／读者提供
",交通,8,0.9687464
124,蓝白协商列被告 马英九办公室：根本直接打了蔡总统的脸 台北地检署将前总统马英九列为选他字案被告侦办。马办今天指出，蔡英文总统才说没有干预司法，但台北地检署马上把马英九、国民党总统参选人侯友宜、国民党主席朱立伦、民众党总统参选人柯文哲等人列为被告并侦办，把西方民主国家行之有年的政党合作，当成“搓圆仔汤”去办，根本是台北地检署直接打了蔡英文的脸，民众自有公评。,政治,13,0.9869781
125,"金价继续大涨创新高 现货黄金突破2,100美元 国际黄金价格继续创新高，涨破每英两2,100美元价位，受到美国经济数据走软的提振，且联准会官员的谈话让投资人预期明年初可望降息。",经济,12,0.9724235
126,严控晶片输陆 美商务部长雷蒙多点名辉达 美国商务部长雷蒙多二日在加州锡米谷演说表示，美国需加强出口管制，重要的是加强执法力道，以防止中国大陆在人工智慧（ＡＩ）等新兴技术领域超越美国。她表明，“中国不是我们的朋友”，是“我们遇过的最大威胁”。她并点名ＡＩ晶片大厂辉达，称国安比赚钱重要。,政治,2,0.9804663
127,名师陈怡嘉高中联考失常 理平头表决心苦读三年拚上台大 “我常告诉学生，考试乍看是成绩的竞试，但实际上是一个人从EQ、态度到学习方法的全面测试，是大人之路的预备，也是人生能力值的累积。”名师陈怡嘉说。,教育,9,0.9759588
128,夜市人气不如从前？一票人叹不如吃餐厅：又贵又吃不饱 许多台湾人都很爱逛夜市，品嚐鸡排、地瓜球、蚵仔煎等许多平价小吃。不过近日有一名网友分享，他以前很爱逛夜市，但现在却觉得夜市的吸引力不如从前，好奇询问众人原因，“大家还记得以前夜市的卖点是什麽吗？”,生活,9,0.9796177
129,五月天演唱会陷“假唱”疑云 上海文旅局要求配合调查 台湾“天团”五月天日前在上海举办的演唱会，近日遭指控有近半歌曲“假唱”。据新华社报导，上海市文旅局执法总队已关注此事，并已按大陆“营业性演出管理条例”要求主办方配合调查，待有关情况依法核实后，将及时回应网友关切。,文化娱乐,12,0.9804668
130,听到爸要卖掉自己只留阿金！边牧崩溃“每天紧跟狂骂”：小心我把弟弟带出去扔了 边牧聪明过头也会记仇！一名饲主的爸爸说家裡留黄金猎犬就好，要把边境牧羊犬卖掉，从此就被边牧记仇，每天看到爸爸总是凶狠狂吠，不开心他怎麽差别待遇。,生活,2,0.97767586
131,观察站／卢秀燕身段软 避免柯粉投向绿 蓝白在总统选举分手，近日多家民调重回“蓝绿对决”态势，民众党总统参选人柯文哲沦为第三。民进党喊出决战中台湾，选前周周派府院党大军压境，“蓝营一姐”台中市长卢秀燕费力维持地方蓝白合氛围，不仅著眼非绿区域立委选情，也避免蓝白针锋相对，把柯粉逼向民进党阵营。,政治,5,0.98437357
132,五条悟、虎杖悠仁来了！ 藏寿司“咒术迴战扭蛋”登场 粉丝们准备好了吗？“藏寿司”本季携手人气动漫“咒术迴战”，推出19款咒术迴战联名扭蛋，包括软胶吊饰、徽章、纸胶带，等著粉丝们前来蒐集。另外还有多款冬季限定的品项登场。,文化娱乐,7,0.9791641
133,用景气灯号买进什麽ETF好？ 专家：我买006208、0056、00713、00878 前几天景气灯号又从“黄蓝灯”转回“蓝灯”了，有大大因为之前转黄蓝灯，在景气复甦前已经买了少量股票来卡位，所以很紧张不知道景气的状况未来到底是要转好还是又要转差？（温馨提醒：不能用卡位的心态来买股票喔）,经济,7,0.9791643
134,海巡上尉和长官妻发生不伦 上司头顶绿光气炸提告判赔38万 海巡署某单位一名督察发现，去年1月间，妻和同单位的上尉学弟认识，两人发生多次不正关係，督察气得对上尉学弟提告索赔50万元。法院审理后，法官认为上尉侵害督察配偶权，判他应赔38万元。,法律,3,0.98230886
135,地方、中央民代齐发声 高铁今决定明年元月云林增21班 针对高铁云林站增班，中央和地方民代齐发声，经高铁公司依旅客需求评估后作出回应，今天宣布自明年1月3日起，全线每周增开21班次列车，其中云林站每周四再增开1班北上班车，其他尖峰时间视实际运量再作班次调整，以服务云林旅客；各站自12月6日凌晨零时起受理预购票。,交通,14,0.9853508
136,莫那鲁道躲日军的最后藏身地 马海濮岩窟坍塌引叹息 赛德克族头目莫那鲁道率族人壮烈抗日，其骸骨现安葬于南投仁爱雾社纪念公园，当年他自戕的最后藏身地“马海濮岩窟”近年吸引登山客朝圣探访。但有山友指出，该岩窟疑因风灾受创，现已崩塌，登山同好感叹，与莫那鲁道一起深藏溪谷。,旅游,10,0.9838345
137,4间有1间！老屋交易夯三主因 “贷款变容易了” 老屋交易热，根据金融联合徵信中心资料显示，今年前三季全台屋龄30年以上老屋贷款共3.25万件，占所有住宅贷款件数比重达25%，等于每四笔住宅贷款就有一件是老屋，创下历年新高，且14年前、2009年相比，翻倍成长。,经济,6,0.98086554
138,"夫妻攀南投白姑大山迷路失温 女出现幻觉“看见阿嬷” 1对夫妻从北部至南投县仁爱乡攀登白姑大山，3日下山迷路，消防局连夜入山救援，发现男子轻微失温、女子已出现幻觉、幻听，4日上午协助两人回到登山口。（南投县消防局提供） 中央社1对夫妻从北部至仁爱乡攀登白姑大山，昨天下山迷路并失温，消防局连夜入山救援，男子轻微失温、女子出现幻觉“看见阿嬷”，搜救队给予保温及热食，今天上午协助回到登山口。
",旅游,8,0.98828036
139,民众申请护钞被冷回“警车非计程车” 北市警局长：用词不对 农曆春节将至，民众至银行提领大笔现金机会增加，有民众日前去邮局提领150万现金，申请护钞竟遭冷回“警车不是计程车”，议员调阅资料也发现，台北市14个警分局护钞方式都不同，质疑不应让民众无所适从。台北市长蒋万安表示，如果有民众有需求，可以寻求警方协助护钞。,社会,2,0.9838346
140,八档千亿规模ETF…股债刚好各半！ 她：月配型2档00772B和00929 截至12/4有八档千亿规模ETF,经济,2,0.92787635
141,三重78岁老翁闯红灯走斑马线 被机车撞上送医不治 三重区仁爱街今天清晨6时许发生死亡车祸，1名78岁老翁闯红灯走斑马线过马路，被路过机车撞上，救护车将老翁送医急救，可惜仍因伤重宣告不治，女骑士将依过失致死罪嫌侦办。记者林昭彰／翻摄新北市三重区仁爱街今天清晨6时许发生死亡车祸，1名78岁老翁闯红灯走斑马线过马路，被路过机车撞上，救护车获报到场将老翁送医急救，可惜仍因伤重宣告不治，女骑士将依过失致死罪嫌侦办。,交通,3,0.9890981
142,它替补卫视电影台！迪士尼11频道将撤台 过半业者向NCC申请替补频道 迪士尼集团旗下11频道今年底退出台湾，外界关注5个基本频道替补进度。NCC表示，目前凯擘、中嘉、大丰等37家系统业者送出频道异动申请，35家以CATCHPLAY电影台替补卫视电影台，金门县系统台罕见以台视新闻台替补卫视电影台、寰宇新闻台替补STAR World。,文化娱乐,6,0.9829533
143,"日圆先生：明年7月日银走向紧缩 日圆可能触120价位 今年以来跌跌不休的日圆，近日出现反转态势，有“日圆先生”之称的榊原英资今天表示，预估日本央行明年7月就会走向货币紧缩，让日圆展开升值；如果日本央行加速紧缩、态度积极，可能推动日圆更为强势，达1美元兑120日圆的水准。
",经济,7,0.9823095
144,【专家之眼】连服贸都搞不定 还想加入CPTPP 全球最高标准的贸易协议-跨太平洋伙伴全面进步协定（CPTPP）七月召开部长级会议前，行政院经贸办总谈判代表邓振中表示，台湾准备好了。但是执政党连门槛极低的两岸服务贸易协议，都视为洪水猛兽，要加入ＣＰＴＰＰ简直是痴人说梦话。,贸易,6,0.97869086
145,陆疫情烧 广东、北京重现健康码 中国大陆近期各地呼吸道疾病疫情持续上升，包含霉浆菌感染病例激增，儘管官方强调未发现新病毒或细菌导致新传染病，但香港明报引述消息指，广东、四川、福建、陝西、北京等地“绿码”（健康码）重出江湖；浙江义乌近日更发出“保存十天以上存粮”倡议书，呼吁民众“家庭储粮，有备无患”，引发民众忧心“是否又要再封（控）？”,健康,7,0.9860056
146,每日星座运势／巨蟹冷静勿闹大矛盾  远离搬弄是非 2023-12-04牡羊座短评：工作中宜大胆、有主见。【整体运★★★★☆】今天有机会接触企业高层主管，不要畏畏缩缩的，大胆有主见的表现反而会赢得对方的赏识。单身者有机缘认识事业有成的异性，很容易被对方吸引；恋爱中的人一起参加户外活动，有助于增进彼此的感情。【爱情运★★★★☆】,文化娱乐,3,0.9812468
147,大亿交通接班生变 董事长吴俊亿持股信託 未来专业经理人主导 车灯龙头厂大亿（1521）接班生变。大亿董座吴俊亿，近年已逐步交棒二代，但本月23日大亿即将召开股东临时会，要解任独子吴育贤的董事职务。主要是吴育肾接班期间与日本大股东小纟水火不容，今年以来大亿交通几乎拿不到来自车厂的大订单，形成两败俱伤的局面。在吴俊亿的股份信託，公司回归专业经理人主导之后，小纟的订单重新下到大亿交通，双方的危机终告解除。,商业,10,0.9884249
148,"称民进党发言人污走李登辉400万 他挨告拖王燕军子下水 前民进党发言人吴濬彦。 联合报系资料照
",政治,13,0.9506521
149,华为车BU员工补偿出炉：N+1+4并保有华为股票 华为公司日前与长安汽车签约要成立新公司抢攻智慧汽车市场，华为公司的智慧汽车部门（简称车BU）将独立分拆出来注入新公司，华为传出已经开出车BU员工加入新公司的补偿方案为N+1（N是年资+1个月的薪资），同时可保留华为内部股票，享有华为分红。另外，与新公司签约后，员工还可以再获得4个月薪资的签字费。,商业,15,0.9846302
150,快速判读急性心肌梗塞 这家公司发明“到院前心电图”已经救了四百人 帮助人是快乐的事 ,健康,15,0.36074007
151,印尼火山喷发11登山客罹难！12人失踪 160多军警持续救援 英国卫报报导，印尼当地时间3日，苏门答腊岛（Sumatra）马拉皮火山（Mount Marapi）发生大规模喷发，造成11名登山客罹难、12人下落不明，当局出动军警逾160人持续进行搜救。,气象,8,0.40421468
152,NBA／勇士开季表现挣扎 贾奈特直言：恐连附加赛都进不去 勇士自开季以来可说是战力失调，攻守两端都面临极大麻烦，即便在比赛中能够大幅领先对手，也难保能够维持胜果直到最后，像是这一週内，勇士就两度在领先20分以上惨遭大逆转；紧接而来球队老化问题和伤病困扰等，势必都会让球队持续陷入挣扎。,体育,12,0.26489785
153,意外救下濒死小牛“2年后竟变成狗”举止超惊人 饲主傻眼：40年没见过这状况 万物皆有灵。一名农场工人多年前救下了被母牛抛弃的小牛，将其视如己出细心喂养，没想到这隻小牛从此变成了一隻狗，整天跟在牠的身后形影不离还会保护饲主，充满灵性的模样让农场主人直呼“40年来从没看过这状况”。,生活,3,0.43373325
154,民进党台东县议员酒驾 脸书涌数百人按讚还加油让网友傻眼 民进党台东县党部主委、议员简维国2日酒驾肇事，事件曝光后，今早公开发文道歉，脸书涌入500人按讚，多人留言喊“加油”，但也有不支持酒驾行为的民众反弹，并在地方社群公开批评，质疑难道“道歉万岁”、“正常都要开除党籍吧！”。,政治,3,0.37737605
155,2023“日本最可爱高中生”出炉 北海道小高一首次参赛就夺冠！ 2023年日本“女高中生选美比赛”结果出炉！综合日媒报导，今年共有4万多名人次报名参加比赛，而本次入围决赛的选手共14位，最后由来自北海道年仅16岁的米泽璃彩（リアさん）夺得冠军。,文化娱乐,4,0.358954
156,"影／印尼火山爆发登山客灰头土脸惨况曝 4日再喷发暂停搜救行动 路透报导，印尼西苏门答腊岛（Sumatra）马拉皮火山（Mount Marapi）3日傍晚大规模喷发，造成11名登山客丧命、12人下落不明，大量火山灰直窜天际，高度超过3,000公尺，受困山区的登山客全身火山泥灰的惨况流出。",气象,8,0.4980294
157,"台积电第4季美元财测未变 法人估11月12月营收月减二成 台积电（2330）今年10月营收约为新台币2,432.03亿元，月增加34.8%，较去年同期增加15.7%，创下单月新高，引发外界讨论是否调整美元财测，不过台积电日前已明确指出今年第4季财测无变动，法人则推估在相关预测基础不变下，11月至12月营收平均值将月减逾二成，惟实际数字待台积电公布。",商业,15,0.28490114
158,12星座被骂的反应？牡羊火爆回应、双子耍幽默、巨蟹会很受伤 遭到批评是人生必经的过程，也是成长蜕变的开始，而不论接受与否，每个人都有独特的反应。以下是12星座被骂的反应情况：,文化娱乐,3,0.32101506
159,北投公园每晚都像跨年夜 民众疯抓“宝”登上时代杂志 提到2016年最火热的事情是什麽？“宝可梦”(Pokémon GO)绝对榜上有名，“宝可梦”是一款结合AR虚拟实境的手机游戏，一上架就造成全球轰动，宅宅们都走出户外，台湾玩家的疯狂程度也不落人后，甚至现在走在路上还是可见抓宝的民众。,文化娱乐,4,0.3043233
160,2023房市代表字出炉 近五成购屋人超有感 由台湾房屋集团趋势中心举办的“房市代表字”，进入第15年，最新网路票选结果出炉，今年由“涨”字拔得头筹，获得4成7的民众认同，获选原因为“通膨物价涨不停，房价利率全都涨”。,经济,15,0.30742335
161,影／他快速道路上高速猛撞槽车送医不治 3秒夺命影片曝光 彰化县67岁康姓男子今天驾驶轿车行驶台61线快速道路，在北上203.2公里大城乡路段瞬撞化学槽车，轿车引擎盖卡在槽车车尾，车头全毁，康男夹在驾驶座内全身多处骨折，送医急救仍不治。警方调阅行车记录器，发现小客车高速直撞化学槽车，失控原因待查。,交通,8,0.5586657
162,疑查个资洩密？ 地检署指挥侦办带走宜兰警务员及小队长 宜兰县警察局员警被发现疑似与不法分子往来过密，恐有洩漏个资等情事，经宜兰地检署指挥警政署督察室、县警局督察科等进行侦办，今天带走刘姓警务员及侦查队邱姓小队长疑似违法查询个资洩密，移送地检署複讯。,法律,3,0.27455872
163,台大迎百年校庆！被誉“最会募款校长” 陈文章雄心盼募百亿捐款 台大创校将满百年，作为台湾第一学府，台大百年校庆受到全台教育界瞩目。台大校长陈文章接受本报专访时透露，自己对百年校庆规画以“百年百亿”为目标，藉由募款落实他邀请顶尖学者来台、优化揽才策略，建置水源、竹北两处校区作为科研人才培育基地，并打造国际政经学院作为台大学术地位的“金招牌”。,教育,1,0.7385932
164,五月天大陆演唱会遭控“假唱” 经纪公司出面否认 据上海《界面新闻》报导，就“假唱”传闻，五月天经纪公司相信音乐4日中午回覆称“没有假唱”，并称稍后会在官方公众号上回应，外界可以持续关注。,文化娱乐,12,0.4509889
165,“万老师”郭昱晴彰化辅选 曝接下绿营不分区原因：是韩国瑜让我愿意站出来 彰化第一选区立委候选人陈秀寳、第二选区立委参选人黄秀芳因选区邻近，双姝组成“秀秀连线”拚选情，继日前联合登记参选，今天下午又请来民进党不分区参选人郭昱晴辅选，推广募款小物，由于三人年纪相仿，也都是妈妈，强调从政是为了守护台湾下一代而努力，呼吁选民全力支持“赖萧配”。,政治,4,0.3206574
166,石虎在我家 西湖4农家拍到 农业部苗栗区农业改良场今年辅导西湖乡11户有机农家，25公顷加入石虎生态给付行列，石虎友善栖地由点拓展成面，县府统计近7个月有4户拍到石虎，农改场近日将发表“石虎在我家”的成果。,环境,5,0.26042897
167,00713配息0.84元…年化逼近7％！ 历经市场空头既抗跌还能维持高股利 00713十二月配息金额0.84元,经济,8,0.65428287
168,影／看见军机天上飞心跳加快！韩国瑜：国防部不会告诉大家 摆明是在备战 高雄市前市长韩国瑜今天到台东连跑3场竞选活动，每场人潮都爆满。最终场是在台东市丰安宫替区域立委参选人黄建宾助讲，韩以自身经验为例，期勉台东要选出一位喇叭立委、造就彩色台东。韩国瑜批评民进党赖清德的台独立场，并分享前阵子带家人来台东度假，看见军机在天上飞，觉得心脏跳动加快，强调台湾选出的总统人选一定要爱和平、不要战争。,政治,4,0.428117
169,影／肥鸟大啖霸王餐引万人朝圣 害大方老闆恐吞6万元罚单 一名网友PO出一隻肥滋滋的鸟，飞到杂粮店，大啖加拿大黄豆等穀物，引发上万名网友朝圣，有网友说，“免费的buffet”、“各种款式任意选”，但这名大方的老闆，却引来高市卫生局的关切，派员到场稽查，指店家有食材未覆盖等多项食安缺失，若限期未改善，将开出6万元起跳的罚单。,生活,12,0.2916215
170,"陈奕光专栏／IC设计、AI产业 明年双主轴 今年剩下最后一个月，台股11月来惊奇大涨1,400点，主要是以巴战争逐渐缓解，搭配美国升息告一段落，在美元转弱的背景下，热钱回流新兴市场，外资在11月大买台股2,400亿，推升台股往7月底高点17,463前进。截至12月1日，台股高点是17,450点，创下波段新高已是早晚的事情。",经济,15,0.25083172
171,淡水沙崙海水浴场 开放露曙光 新北淡水沙崙海水浴场因溺毙事件，2013年被公告禁止水域游憩活动至今，现场宛如废墟，市府经发局曾委託业者做过海象调查，认为5至9月从事水上活动属低度风险，新北市水域安全协调会日前开会，认为目前调查资料不足，开放与否要再研议。市府观旅局表示，近期将再度展开海象研究，不排除开放部分水上项目。,旅游,0,0.1927049
172,大巨蛋政治学 蓝绿批柯“卡蛋” 有能力当总统？民众党：卡蛋的是中央 亚洲棒球锦标赛开幕首战昨天在大巨蛋登场，蓝绿齐批前市长柯文哲“卡蛋”五大弊案沦为五大笑柄。国民党台北市议员秦慧珠质疑，这样的人是否有能力当总统？民众党则驳斥，卡蛋的是中央。,政治,4,0.8434084
173,盖兹：全球升温控制在摄氏2度无望 3度以内已是万幸 彭博资讯报导，微软创办人比尔．盖兹（Bill Gates）出席联合国气候峰会（COP28）接受彭博电视访问直言，世界恐怕无法实现巴黎气候协定（Paris Agreement）将全球升温控制在摄氏2度以内，“如果能维持在摄氏3度以下已经万幸”。,环境,8,0.21214938
174,新晶片禁令！美来台说清楚 避免企业误踩红线 美中科技战持续，美国今年10月扩大对中国出口晶片管制。为避免我业者踩红线，美国商务部2024年1月将派说明团来台，到新竹与台南科学园区举办说明会，向我半导体制造、IC设计、材料和设备等业者说明禁令更新细节。,贸易,14,0.7173686
175,阳明法说会／巴拿马运河乾旱影响比预期严重 已开始绕行 阳明海运（2609）今天法说首度坦言，巴拿马运河乾旱的影响比预期中严重，阳明美东航线已开始绕行好望角或是苏伊士运河，除非确定取得通闸权才会航行，近日就会公布巴拿马运河乾旱附加费；全球货柜轮交船高峰落在明年，运价上涨还有压力。,交通,8,0.5097533
176,蓝绿母鸡PK 萧美琴今深入台中激战区 与卢秀燕一别苗头？ 2024决战中台湾，台中被视为“蓝白合示范区”，台中市长卢秀燕和民众党总统参选人柯文哲昨天才在台中“另类合体”，分别辅选民众党立委参选人蔡壁如。绿营大军今天立即回防，民进党副总统参选人萧美琴今天首登车队辅选，深入台中绿营“激战区”，蓝营人士密切关注，萧美琴是否与蓝白“最大母鸡”卢秀燕一别苗头？,政治,5,0.30780068
177,台湾高铁要增班了 明年1月3日起每周再加开21班 本周三起预购 台湾高铁要增班了。台湾高铁公司今天宣布，自2024年1月3日起，每周再增开21班次列车（南下11班、北上10班），希望能以更加充裕的运能，提供旅客舒适的旅运服务；本次增开后，每周总班次达到1060班，旅客可自12月6日本周三凌晨0时起，依预售时程购票。,交通,14,0.7025755
178,唐绮阳运势週报：处女感情易被翻旧帐 牡羊多关注财务问题 【唐绮阳星座运势週报12/4-12/10 】,文化娱乐,0,0.5803816
179,白绿谁卡大巨蛋？ 蒋万安妙回：我没卡盼给市民一颗彩蛋 台北大巨蛋昨晚亚锦赛开幕战中韩大战，中华队四比零完胜韩国队，球迷嗨翻。不过也意外成为选战话题，网友讨论谁卡蛋？台北市长蒋万安今天强调“我们没有卡蛋，就是希望带给市民一颗彩蛋。”,体育,4,0.635459
180,他见IG整排露营动态好奇问“哪点吸引人？” 网揭3原因：是装备竞赛 近几年台湾十分流行露营，各种不同风格的露营区也接连出现。有网友在PTT上表示，他最近一打开社交平台，都会看到许多人在分享露营的照片，于是好奇发问“露营吸引人的点在哪？”,旅游,9,0.2784504
181,"父亲住院陷昏迷 家属对收据惊觉遭医院超收近百万医疗费 安徽省医保局今天证实民众的检举，指芜湖二院就一病人涉及违规医疗总费用人民币21.82万元（约新台币96万元）。中国今年以来加强打击医疗贪腐，已暴露出医院自主权过大、9成收入要自行创收等问题。
",健康,7,0.33313143
182,被拐25年终团圆感动全网 河北富豪寻子成功：多分家产弥补 河北亿万富豪解克锋与失散25年的二儿子解清帅重逢相认，感动全网。解克锋当天举办寻子成功答谢宴，有不少寻亲的家长从全国各地赶来祝贺。解克锋称自己的家产将由4子女平分，“倾向多分给二儿子”做为弥补，家人则希望严惩人贩子。另一位深圳谢先生寻子23年已有6套房4家公司，他说，“如果自己一贫如洗孩子很难回家”，再见孩子一面是他打拚的动力。,社会,4,0.33135375
183,王爷垄分隔岛斑驳 竹县将改善 新竹县湖口乡今年人口已突破8万2千人，其中王爷垄重画区更移入众多年轻家庭和科技从业人员，不过议员陈栢诚指出，竹7-1线中山路段是王爷垄门面，中央分隔岛却样式不统一，且斑驳老旧造成夜间行车危险；湖口乡长吴淑君更说，分隔岛前后没对直，曾有代表撞上。县府表示，明年将编列预算朝统一样式改善。,交通,7,0.30111125
184,垂直观光城市有谱 基隆塔、信二防空洞试营运免费畅游 基隆市政府今天宣布，串连基隆山、海、城三者的“基隆塔”和“信二防空洞”，12月5日到10日试营运期间，免费开放民众参观，共同探索这座城市新地标之美，体验全新游憩动线。,旅游,2,0.24047397
185,"被侯友宜指“羡慕我有好副手” 柯文哲：不希望口水战 中央选举委员会明天将公布外界对民众党总统副手吴欣盈双重国籍疑虑。民众党总统参选人柯文哲今天表示，一切依法行事，但希望针对民进党推出副手人选萧美琴部分，依同样标准检视。
",政治,4,0.5307602
186,面板春燕报到？双虎表现强势 群创位居个股成交第二 大陆四大面板厂近日联手宣布将再度扩大减产两成甚至更多，要透过大幅缩减供给，拉抬报价至获利水准之上，面板双虎等台湾面板厂有望受惠；此消息一出带动群创（3481）、友达（2409）今（4）日股价开高走高，其中群创大涨逾3%，早盘成交量逾7万张，位居个股第二，而友达盘中也有超过2%的涨幅。,经济,8,0.57285494
187,打开家门“惊见奶狗被弃养”他怒骂饲主太狠心 看到旁边黄汪瞬间领悟泪崩真相 动物之间的情感往往令人动容。一名男子发现自家门外有奇怪的叫声，打开门一看竟然是一隻小奶狗被丢弃在家门口，本来还以为是谁狠心弃养这麽小的狗，往远方看有一隻成犬竟然不断将眼神投向门口，经过确认后才发现那竟然是隻流浪狗妈妈，因为想要自己孩子有好归宿所以才忍痛将孩子放在家门口。,生活,9,0.17140785
188,不甩休战呼声 以色列续炸加萨 国际社会要求以色列与巴勒斯坦武装组织哈玛斯延长休战协议并加强保护平民，但以色列三日继续轰炸加萨。,军事,9,0.4027645
189,台积电一度下跌1.4% 大摩调降目标股价 摩根士丹利调降台积电（2330）目标股价，预料1月发布的毛利率展望可能对短线股价构成压力。,经济,15,0.526328
190,0051、0056皆纳入神基与“这档”为成分股！ 专家：可关注是否有资金行情效应 台湾几个重要的指数在12月进行换股了，包括台湾五十、台湾中100以及台湾高股息三个常见的重要指数。,经济,4,0.2821832
191,被问“可以被你吼一下吗？” 赖清德秒入戏让YouTuber吓喊：不想主持了 民进党总统参选人赖清德近日受邀参与YouTube访谈节目“惊奇玩起来AmazingTalker Show”，与主持人Sandra、Eko畅谈过去在哈佛求学如何学英文。赖清德也和主持人一起看赖过去在立院飙骂国民党团阻挡预算的影片，Sandra突要求赖清德“可以被你吼一下吗”，赖清德一秒“暴怒”要Sandra别再嬉皮笑脸，“否则绝不放过你”，Sandra吓得直呼“不想主持了”。,政治,13,0.2880019
192,金融三业10月大举投资股债超过2600亿 寿险业火力全开 金管会公布金融三业截至10月底最新的股债投资统计，其中寿险业火力全开，同步大举加码台股和美债，10月金融业合计淨加码台股140.36亿、加码美债更超过台币等值2500亿元。,经济,5,0.35304445
193,"港明报终止专栏称“两地很多事未能预见” 何明修感叹：就此告别 台湾大学社会系教授何明修在其脸书表示，在香港明报撰写了5年的专栏近日被终止，明报在给他的电邮中表示，“这几年台港两地都经历了不少事，很多都是一开始未能预见的。”
",文化娱乐,4,0.3703632
194,五月天上海演唱会假唱？ 官方要查 若属实最高罚42万 “五月天”被爆疑在演唱会假唱。有部落客制作视频，鑑定其上海演唱会12首歌的真假，消息登微博热搜第一。媒体报导指五月天若假唱最高或被罚10万元人民币(约新台币42万元)。对此，上海官方表示，假唱属违法行为；北京文化执法总队也称将了解。舆论发酵1天后，五月天方面回应，称8日凌晨巴黎演唱会将全程直播，“全民参与，全民见证”。,文化娱乐,12,0.5705094
195,【味蕾的旅行】鱼夫／彰化南门市场：走过荣景之后的在地美味 彰化南门市场曾一度力图振作，但成效不如预期。几经整治，如今二楼是提供板弹球、桌球、剑道等健康运动场所，人声反而比一楼的市场更为喧譁，但市场内仍有许多美食值得一尝，诸如国珍滷肉饭、四五番食堂及市场周遭的润饼店。,生活,8,0.2121145
196,诈团冒充网路游戏客服 中年大叔想提升等级险被骗 张姓男子遭电信诈骗（左），经市警二分局警员劝阻才未买2万千元游戏点数。记者黄宣翰／翻摄40岁张姓男子透过脸书加Line好友，认识冒充网路游戏客服人员，对方向张说，提升游戏角色等级需要购买2万5千元的游戏点数，可与更多女性聊天。张信以为真，昨晚到台南市某超商要买点数，店员发觉有异报警及时劝阻，张才知受骗保住辛苦积蓄。,法律,3,0.16280589
197,本周开盘前 五件国际事不可不知 联准会（Fed）主席鲍尔上周五对市场的降息预期浇冷水，表示现在就排除进一步升息，或开始讨论降息，时机仍“不成熟”，华尔街反而更加笃定Fed本月维持利率不变并在2024年降息，美债殖利率大跌、美股也翻红。以下是本周开盘前，最值得留意的五件国际要闻：,经济,15,0.2621768
198,失智嬷被带到派出所…警忙查身分 见她拿出手机众人笑了 台中市清水区一名失智阿嬷迷路，被带到派出所，员警请她吃泡麵止飢时，阿嬷突然拿出手机，员警立即查出她身分。图／警方提供台中市清水区一名85岁失智阿嬷日前迷路，找不到家，员警带回派出所忙查她身分时，阿嬷边吃泡麵边拿出手机，员警看到她的手机不禁笑了，从手机通讯录马上就找到阿嬷的家人，查出她身分。,社会,3,0.23095903
199,亚锦赛／外队缔造大巨蛋首轰？中华队最快8日才有机会 中华队昨天在亚洲棒球锦标赛开幕战以4：0击败南韩队，写下不少台北大巨蛋“第一”纪录，但未出现球迷最期待的全垒打，从赛程看来，历史性首轰恐怕会由外队缔造。,体育,4,0.38265595
200,亚锦赛／徐若熙每场登板都想成代表作 郭李大讚完美 “台湾至宝”徐若熙的国际赛初体验，今天在台北大巨蛋演出7局无失分、狂赏10K好投，短短时间内陆续解锁总冠军赛、国际赛先发胜投，他说每一场对自己都很重要，希望每场都能成为自己的代表作。,体育,4,0.4096911
201,赖清德开支票“若当选中捷延至南投” 江和树：为何选前不做？ 民进党总统参选人赖清德开选举支票，如当选，规划台中捷运延伸到南投。台中市议员江和树今质询反问赖清德“为什麽现在不做？”，选举都说决战中台湾，但是选票重要？还是中部人交通重要？他直白说“赖清德就是诈骗集团首脑”、“新潮流体系，讲话会气死！”,政治,13,0.5143108
202,大巨蛋首赛大雨毫无影响 蔡明堂：老天爷也来帮忙测试 亚洲棒球锦标赛昨天在台北大巨蛋开打，中华队4：0痛宰南韩夺得大巨蛋首胜，新北市资深棒球教练、第三选区（三重）立委参选人蔡明堂表示，大巨蛋首战不仅夺下首胜，昨北部下起大雨，裡头民众、球员完全不受影响，简直“天时地利人和”，连老天爷也来帮忙测试，洗刷大巨蛋五大弊案之首的污名。,体育,4,0.6025603
203,全国天主教学校联合宣扬“爱德教育”  静宜展现专业与特色 2023全国天主教学校周“爱德教育”联合宣传活动“亲子爱心嘉年华”昨温馨登场，透过舞台展演、活动摊位，呈现全国46所天主教学校“仁爱教育”的办学精神与使命；静宜大学英文、日文、西文、资传、应化及生态等系所师生展现专业与特色，带民众瞭解多元文化、异国风情、生态知识及科普体验。,教育,10,0.26947942
204,蓝白合搓圆仔汤？ 朱立伦、马英九、侯友宜、柯文哲均列选罢法被告 国民党与民众党日前上演高潮迭起的“蓝白合”大戏，但台独团体台湾国认为，国民党主席朱立伦与前总统马英九力促蓝白合，涉嫌违反正副总统选罢法“搓圆仔汤”。为此台湾国理事长陈峻涵这个月17日赴台北地检署，告发提告朱立伦、马英九与当时尚未登记的国民党总统参选人侯友宜、民众党主席柯文哲等4人，据悉北检已完成分案，将朱、马、侯、柯4人暂列“选他”字案被告。,政治,8,0.37241223
205,"黄珊珊指中央卡蛋 国土署发长篇声明驳斥：真正卡蛋的是柯市府 内政部遭指“卡蛋”，国土署今天说，大巨蛋攸关全民安全，须慎重把关，但柯市府将大巨蛋视为弊案后停工5年，又因地下避难层认定问题延宕近8个月，真正卡蛋的其实是当时的柯市府。
",政治,4,0.30776203
206,经济日报社论／务实面对核能与淨零碳排 过去一周，最受全球注目的新闻，除了以色列哈马斯暂时停火，进行大规模人质交换外，莫过于在阿拉伯联合大公国首府杜拜，所举行的联合国第28届气候变迁大会（COP 28）。,环境,4,0.33587953
207,小夜护理师天亮才下班“管理层要求接新病人” 她叹：年后恐有一波离职潮 “真的很夸张，忍无可忍”，台湾护师医疗产业工会顾问陈玉凤发现，有医院值班护理长，用威胁的语气，强迫小夜班护理师，在晚间11点底多交班前接新病人，接一个新病人最少要30到60分钟，后续根本无法准时下班，甚至有人直到天亮才下班，且月底又会有5名以上护理师要离职，年后预期会出现一波离职潮，直言与其调整考题难度，改善职场环境才是根本之道。,健康,6,0.18511799
208,陆开放6国免签 首日入境增长12% 本月起，中国大陆对法国、德国、义大利、荷兰、西班牙和马来西亚等六国持普通护照人员，实施免签证入境十五日新政。大陆国家移民管理局表示，政策实施首日，上述六国共有二○二九人次透过免签入境中国大陆，较前一日成长百分之十二点五四。,旅游,4,0.22195189
209,亚锦赛／冠军战大巨蛋开放更多座位？ 蒋万安：应可至2万人 台北大巨蛋昨天在亚锦赛开幕战迎来第一场正式比赛，但仅开放1.7万人进场让球迷一票难求，台北市长蒋万安今天在市议会总质询时表示，冠军赛应可开放至2万人，会积极与远雄沟通。,体育,4,0.25904807
210,柯文哲接轿艋舺灵安尊王回銮 青山宫主委预祝心想事成 艋舺青山宫3日举行灵安尊王圣诞夜巡活动，民众党总统参选人柯文哲晚间接轿回銮，青山宫主委黄清源祝福柯文哲心想事情，柯文哲则说，在新冠肺炎疫情的那三年，感谢所有万华乡亲的付出，守住万华就是守住台北，而守住台北就是守住台湾。,政治,4,0.6631229
211,COP28直击／中美特使共商甲烷减排 中美两国和阿拉伯联合大公国二日在杜拜举行“甲烷和非二氧化碳温室气体峰会”，中国大陆气候变迁事务特使解振华和美国总统气候问题特使柯瑞，就落实中美“阳光之乡”声明、甲烷减排、国际合作等重要议题进行探讨。柯瑞表示，中国和美国这两个世界上最大的温室气体排放国，将在这次气候峰会共同努力。,环境,2,0.3821679
212,柯文哲喊蓝白破局“有阵子很沮丧” 曝要和蒋渭水一样做这事：阿北不会放弃 民众党总统参选人柯文哲今回到妻子陈佩琪故乡澎湖，参访多座庙宇，晚间到开台天后宫举办庙口开讲，柯自比台湾民主文化先驱蒋渭水，“哪个总统候选人会像我一样四处演讲”？现在他做的事情，就跟一百年前蒋渭水做的事一样，要改变台湾思想跟文化。,政治,4,0.75517565
213,中年大叔示爱跟骚年轻女店员判拘役 豆花正妹被迫换工作 中年大叔追求豆花店年轻正妹店员告白示爱骚扰脱序，遭警方逮捕送办。图／警方提供桃园市43岁中年大叔廖姓男子去年在杨梅区一家豆花店买豆花，看上年轻姣好的23岁吴姓女店员，在去年10月间连续捧花告白、站岗示爱，吴女不堪骚扰报案，警方送办出来后，廖男又在店前“站岗”，吴女连前面都不敢走，生活惶惶不安，桃园地院今年10月初简易判决廖男拘役45天得易科罚金，吴女家人表示，吴女最后被迫换工作，“（对这种人）不知有其他方法吗？”。,法律,3,0.35663012
214,围棋／大学生围棋公开赛 清华大学A与佛光大学居前两名 112学年全国大学生围棋公开赛在台北市大安国中进行，由佛光大学主办，校长何卓飞到场。今年有超过15所以上的学校，超过30队的团体组，还有女子团体组也有不少学校组队参赛，国小队也有10队的队伍一起来参赛，十分有强度，有五位的职业棋士与超过30名的业馀七段选手共襄盛举。,体育,8,0.31922525
215,蔡总统批马英九干涉司法 马办：去追究柯建铭了吗？ 蔡英文总统昨天在“全国竞总”成立大会致词时提及“马王政争”，批评前总统马英九执政时把手伸进司法，造成的政局不稳、经济不安、社会动盪。马英九办公室今反击，蔡总统治国无方，贪腐横生，已经是国人既定的印象，不解为何要“见笑转生气”？就是因为要贪腐，才在上任后废除特侦组，藉著“东厂”整肃异己、关闭新闻台等，还有脸大声抗辩？,政治,13,0.46078756
216,"美专家：俄侵乌美国没出兵 因保存军力以便助台 美国研究中国军事战略专家梅惠琳（Oriana Skylar Mastro）表示，美国没派兵赴乌克兰出自于保存军事实力的考量以便保护台湾，所以美国不愿直接干预乌克兰战争。
",军事,13,0.33736694
217,通缉犯骑机车违规被警员开单 冒签弟弟名字吃官司 胡姓男子骑机车先后闯红灯、未戴安全帽，分别被警员拦下开交通违规举发通知单，为避免通缉身分被发现，涉嫌冒用弟弟名义在单上签名。台南地院依胡触犯伪造私文书罪，判处徒刑8月，得易科罚金，案可上诉。,法律,7,0.38498265
218,王鸿薇喊潘孟安租约“像一叠卫生纸” 赖办批眼花：难怪胡乱乌龙乱爆料 国民党立委王鸿薇指民进党总统参选人潘孟安住进建商豪宅，但潘孟安透过赖竞办发言人陈世凯出示租赁契约及汇款证明，强调是租房与助理同住，不过王鸿薇又批陈世凯出示的资料“像一叠卫生纸”。陈世凯今晚反问，难道王鸿薇是瞧不起从中南部上来打拚的人在外租屋？,政治,10,0.37234512
219,"比特币复活 衝破40,000美元大关 去年5月以来仅见 比特币的交易价格涨破40,000美元，这是2022年5月以来首见，主要是降息预期和来自ETF的需求增加使这种数位资产延续了今年的反弹之势。",经济,15,0.46306333
